Feature Group Removed,Macro-F1,F1 Drop
Lineage (Taxonomic Family),0.6422025143906145,0.08177018383869294
Ecological (Exposure Opportunity),0.664768194654765,0.05920450357454243
Human Evidence (Knownness/Proxy),0.6996948030368452,0.024277895192462262
Genomic Architecture (Intrinsic),0.7059121038460142,0.018060594383293216
