Model,Host Breadth Importance
Spillover,0.2526506768177294
Risk Group (All),0.044538692836995894
Risk Group (Human Only),0.10827340219825465
